3name, age
Thomas Young,64
Ora Freeman,52
Isabel Carlson,26
Jayden Todd,54
Anne Bailey,21
Georgie Reeves,23
Lottie Morton,20
Kate Powers,37
Lloyd Hansen,43
Eric Curry,57
Logan McCoy,22
Eleanor Schultz,24
Amy Drake,18
Ola Hayes,65
Willie Reed,61
Bernice Pearson,54
Dean McCarthy,29
Luella Love,28
Jim Cummings,44
Jared Lane,21
Randall Jenkins,51
David Porter,35
Jon Clayton,62
Mark Harper,46
Jorge Harris,65
Mike McCormick,31
Estella Patterson,23
Josephine Sanchez,19
Alan Collier,39
Micheal Quinn,43
Victoria Morris,60
Harry Lane,50
Edith Barrett,19
Ethan Pearson,52
Elizabeth Valdez,20
Clifford Morrison,39
Scott Chandler,39
Jayden West,35
Edwin Chavez,26
Adeline Hall,27
Joe Parks,42
Mark Pearson,61
Hilda Lindsey,26
Ola Reeves,62
Lloyd Miles,22
Evan Moreno,28
Bradley Jackson,63
Nelle Ortiz,51
Lola Warner,55
Jessie McKinney,24
Jessie Weaver,20
Caroline Weaver,56
Helena Greene,61
Evelyn Harper,51
Fanny McDaniel,38
Bess Thompson,49
Henry Wood,23
Wesley Webster,22
Willie Schmidt,49
Mildred McBride,53
Edith White,56
Victoria Reed,42
Jay Gonzalez,42
Henrietta Barrett,53
Mabelle Hoffman,49
Inez Boyd,30
Victor Watts,25
Chris Hogan,50
Miguel Francis,30
Isaiah Powell,27
Ann Mann,27
Sallie Grant,44
Thomas Kim,60
Bruce Hall,26
Eva Williamson,21
Sadie Wade,54
Shawn Cortez,30
Belle Reid,63
Tony Rodgers,29
Annie Elliott,36
Stanley Carson,19
Curtis Gibson,39
Susie Kim,57
Laura Medina,38
Warren Quinn,55
Harold Cain,51
Inez James,33
Lucille Moss,38
Donald Hunt,30
Joe Roberson,53
Eunice Pope,26
Etta McCarthy,63
Lora Marshall,52
Bertie Mann,19
Gregory Lamb,42
Frances Love,31
Gertrude Todd,42
Rosie Peters,39
Lelia Ingram,27
Dorothy Baldwin,45
ranidu harshana, 55
